"REPD Ref ID","Status","Site Name","Technology","Capacity (MW)","Local Authority","LA Code"
489,"Awaiting Construction","Allt na Moine","Small Hydro",2,"Highland","S12000017"
926,"Awaiting Construction","Binn Eco Park","Advanced Conversion Technologies",4.6,"Perth and Kinross","S12000048"
977,"Awaiting Construction","Pond Green Energy Park","Advanced Conversion Technologies",5,"West Lothian","S12000040"
1007,"Under Construction","Coatbridge Material Recovery and Renewable Energy Facility","Advanced Conversion Technologies",25,"North Lanarkshire","S12000050"
1009,"Awaiting Construction","South Clyde Energy Centre","EfW Incineration",20,"Glasgow City","S12000049"
2415,"Awaiting Construction","Sound of Islay","Tidal Barrage and Tidal Stream",10,"Offshore"," "
2416,"Application Submitted","Brims Tidal Array (Cantick Head)","Tidal Barrage and Tidal Stream",200,"Orkney Islands","S12000023"
2423,"Awaiting Construction","Mull of Kintyre","Tidal Barrage and Tidal Stream",3,"Offshore"," "
2429,"Awaiting Construction","West Islay Tidal Array","Tidal Barrage and Tidal Stream",30,"Offshore"," "
2527,"Awaiting Construction","Inch Cape","Wind Offshore",784,"Offshore"," "
2534,"Under Construction","MacColl Offshore Windfarm (Moray East)","Wind Offshore",313.5,"Offshore"," "
2536,"Under Construction","Telford Offshore Windfarm (Moray East)","Wind Offshore",313.5,"Offshore"," "
2537,"Under Construction","Stevenson Offshore Windfarm (Moray East)","Wind Offshore",323,"Offshore"," "
2540,"Awaiting Construction","Seagreen Phase 1 (Alpha)","Wind Offshore",525,"Offshore"," "
2767,"Awaiting Construction","Chirmorie Wind Farm","Wind Onshore",76,"South Ayrshire","S12000028"
2858,"Awaiting Construction","Gass Wind Farm","Wind Onshore",20.7,"Dumfries and Galloway","S12000006"
2859,"Awaiting Construction","Glen Ullinish Wind Farm","Wind Onshore",42,"Highland","S12000017"
2860,"Awaiting Construction","Strathallan Wind Farm","Wind Onshore",20.7,"Perth and Kinross","S12000048"
3204,"Application Submitted","Ackron Wind Farm Wind Farm","Wind Onshore",49.9,"Highland","S12000017"
3317,"Awaiting Construction","Whitelaw Brae Wind Farm","Wind Onshore",50.4,"Scottish Borders","S12000026"
3371,"Awaiting Construction","Aberarder Wind Farm","Wind Onshore",49.9,"Highland","S12000017"
3373,"Awaiting Construction","Beinn Mheadhonach","Wind Onshore",4,"Highland","S12000017"
3383,"Awaiting Construction","Neilston Additional Wind Turbine","Wind Onshore",2.5,"East Renfrewshire","S12000011"
3387,"Under Construction","Beinn an Tuirc Windfarm Phase 3","Wind Onshore",49.9,"Argyll and Bute","S12000035"
3417,"Application Submitted","Shepherd's Rig Wind Farm","Wind Onshore",78.6,"Dumfries and Galloway","S12000006"
3430,"Awaiting Construction","Heathland Wind Farm","Wind Onshore",57.8,"South Lanarkshire","S12000029"
3435,"Under Construction","Gordonbush (extension)","Wind Onshore",47,"Highland","S12000017"
3436,"Awaiting Construction","Hill Of Lychrobbie","Wind Onshore",2.4,"Highland","S12000017"
3502,"Awaiting Construction","Enoch Hill","Wind Onshore",54.4,"East Ayrshire","S12000008"
3503,"Awaiting Construction","Benbrack","Wind Onshore",84,"East Ayrshire","S12000008"
3516,"Awaiting Construction","Beaw Field Wind Farm","Wind Onshore",57.8,"Shetland Islands","S12000027"
3624,"Awaiting Construction","Cornabo","Wind Onshore",2.7,"Aberdeenshire","S12000034"
3629,"Awaiting Construction","Green Burn Wind Farm","Wind Onshore",33,"Perth and Kinross","S12000048"
3633,"Under Construction","Hazelside farm - resubmission","Wind Onshore",1.6,"South Lanarkshire","S12000029"
3751,"Awaiting Construction","Evie Wind Energy Project","Wind Onshore",2.3,"Orkney Islands","S12000023"
3868,"Awaiting Construction","Poniel Wind Turbines","Wind Onshore",9,"South Lanarkshire","S12000029"
3892,"Awaiting Construction","Work Farm Wind Turbines","Wind Onshore",1.8,"Orkney Islands","S12000023"
3901,"Awaiting Construction","Uisenis/Eishken (Muaitheabhal) (Southern Extension)","Wind Onshore",21.6,"Comhairle nan Eilean Siar","S12000013"
3923,"Awaiting Construction","Hill of Carlincraig wind turbines","Wind Onshore",4.6,"Aberdeenshire","S12000034"
4003,"Awaiting Construction","Cogle Moss Wind Farm","Wind Onshore",36,"Highland","S12000017"
4005,"Awaiting Construction","Herscha Wind energy Project (Extension)","Wind Onshore",1.6,"Aberdeenshire","S12000034"
4073,"Under Construction","Tralorg Wind Farm","Wind Onshore",20,"South Ayrshire","S12000028"
4079,"Awaiting Construction","Penbreck & Carmacoup Forest (Resubmission)","Wind Onshore",27,"South Lanarkshire","S12000029"
4106,"Awaiting Construction","Greengairs Wind Farm","Wind Onshore",17.5,"North Lanarkshire","S12000050"
4128,"Under Construction","Sneddon Law Community Wind Farm","Wind Onshore",45,"East Ayrshire","S12000008"
4189,"Awaiting Construction","Dalquhandy Windfarm","Wind Onshore",45,"South Lanarkshire","S12000029"
4199,"Awaiting Construction","Camilty Wind Farm","Wind Onshore",20.4,"West Lothian","S12000040"
4200,"Under Construction","Inverclyde Wind Farm (Corlic Hill)","Wind Onshore",24,"Inverclyde","S12000018"
4213,"Awaiting Construction","Greengairs East Wind Farm","Wind Onshore",24,"North Lanarkshire","S12000050"
4252,"Awaiting Construction","Aultmore Wind Farm -resubmission","Wind Onshore",29,"Moray","S12000020"
4258,"Awaiting Construction","Stranoch Wind Farm","Wind Onshore",72,"Dumfries and Galloway","S12000006"
4265,"Awaiting Construction","Braemore","Wind Onshore",54,"Highland","S12000017"
4300,"Awaiting Construction","Creag Riabhach Wind Farm","Wind Onshore",72.6,"Highland","S12000017"
4305,"Awaiting Construction","Meikle Hill wind farm","Wind Onshore",13.8,"Moray","S12000020"
4307,"Awaiting Construction","West Benhar wind farm","Wind Onshore",27.2,"North Lanarkshire","S12000050"
4315,"Awaiting Construction","Sorbie Farm","Wind Onshore",9,"North Ayrshire","S12000021"
4318,"Application Submitted","Yell Wind Farm","Wind Onshore",200,"Shetland Islands","S12000027"
4349,"Awaiting Construction","Cairn Duhie","Wind Onshore",60,"Highland","S12000017"
4351,"Application Submitted","Camster II","Wind Onshore",38,"Highland","S12000017"
4355,"Awaiting Construction","Crookedstane Farm","Wind Onshore",11.4,"South Lanarkshire","S12000029"
4359,"Awaiting Construction","Dell Wind Farm","Wind Onshore",42,"Highland","S12000017"
4371,"Awaiting Construction","Glen Kyllachy Wind Farm","Wind Onshore",49.9,"Highland","S12000017"
4385,"Awaiting Construction","Kennoxhead Wind Farm","Wind Onshore",95,"South Lanarkshire","S12000029"
4389,"Awaiting Construction","Knockshinnoch Wind Farm","Wind Onshore",4,"East Ayrshire","S12000008"
4394,"Awaiting Construction","Lion Hill Wind Farm (Crookedstane Farm 2)","Wind Onshore",11.4,"South Lanarkshire","S12000029"
4417,"Awaiting Construction","Stornoway Wind Farm project (was Lewis Wind Farm - Resubmission)","Wind Onshore",180,"Comhairle nan Eilean Siar","S12000013"
4418,"Awaiting Construction","Strathy South","Wind Onshore",117,"Highland","S12000017"
4448,"Awaiting Construction","Uisenis/Eishken (Muaitheabhal) (East Extension)","Wind Onshore",21.6,"Comhairle nan Eilean Siar","S12000013"
4449,"Under Construction","Solwaybank Wind Farm (resubmission)","Wind Onshore",30,"Dumfries and Galloway","S12000006"
4454,"Awaiting Construction","Knockman Hill Wind Farm","Wind Onshore",5,"Dumfries and Galloway","S12000006"
4466,"Awaiting Construction","Mochrum Fell Wind Farm","Wind Onshore",24,"Dumfries and Galloway","S12000006"
4491,"Awaiting Construction","BARLOCKHART MOOR - extension","Wind Onshore",8.2,"Dumfries and Galloway","S12000006"
4492,"Awaiting Construction","Glenmuckloch Wind Farm","Wind Onshore",25.6,"Dumfries and Galloway","S12000006"
4523,"Awaiting Construction","Uisenis/Eishken (Muaitheabhal) Wind Farm","Wind Onshore",118.8,"Comhairle nan Eilean Siar","S12000013"
4529,"Under Construction","Torrs Hill","Wind Onshore",4,"Dumfries and Galloway","S12000006"
4577,"Awaiting Construction","Windy Edge Wind Farm","Wind Onshore",27,"Scottish Borders","S12000026"
4578,"Awaiting Construction","Glenkerie Wind Farm Extension","Wind Onshore",15,"Scottish Borders","S12000026"
4584,"Application Submitted","Strathy Wood","Wind Onshore",59.4,"Highland","S12000017"
4586,"Awaiting Construction","South Kyle Wind Farm","Wind Onshore",240,"East Ayrshire","S12000008"
4588,"Awaiting Construction","Millennium South - Phase 3","Wind Onshore",35,"Highland","S12000017"
4589,"Awaiting Construction","Hill of Towie II Wind Farm","Wind Onshore",48,"Moray","S12000020"
4591,"Awaiting Construction","Aikengall 3 Community Wind Farm","Wind Onshore",75.5,"Scottish Borders","S12000026"
4605,"Under Construction","Blary Hill Wind Farm","Wind Onshore",35,"Argyll and Bute","S12000035"
4611,"Awaiting Construction","Polquhairn Wind Farm","Wind Onshore",22.5,"East Ayrshire","S12000008"
4615,"Application Submitted","Windy Standard III Wind Farm (Brockloch Rig Phase 2)","Wind Onshore",67.5,"Dumfries and Galloway","S12000006"
4628,"Under Construction","Kype Muir Wind Farm Extension","Wind Onshore",75,"South Lanarkshire","S12000029"
4631,"Application Submitted","Crystal Rig Wind Farm Phase IV","Wind Onshore",48,"Scottish Borders","S12000026"
4632,"Awaiting Construction","Loganhead Wind Farm","Wind Onshore",25.6,"Dumfries and Galloway","S12000006"
4633,"Under Construction","Crossdykes","Wind Onshore",48,"Dumfries and Galloway","S12000006"
4636,"Under Construction","Halsary Wind Farm","Wind Onshore",34,"Highland","S12000017"
4911,"Awaiting Construction","Drumelzie","Wind Onshore",1.5,"West Lothian","S12000040"
4937,"Awaiting Construction","A'Chruach (Phase 2)","Wind Onshore",4,"Argyll and Bute","S12000035"
4980,"Awaiting Construction","Inner Sound Phase 1B/1C (MeyGen)","Tidal Barrage and Tidal Stream",86,"Orkney Islands","S12000023"
4987,"Awaiting Construction","Land to the north west of Hill of Petty","Wind Onshore",3.6,"Aberdeenshire","S12000034"
4988,"Awaiting Construction","Kirk Hill Wind Farm","Wind Onshore",24,"South Ayrshire","S12000028"
5062,"Application Submitted","Land South East Of Auchterhead","Wind Onshore",2.3,"North Lanarkshire","S12000050"
5116,"Awaiting Construction","Larbrax Wind Farm (resubmission)","Wind Onshore",20,"Dumfries and Galloway","S12000006"
5123,"Awaiting Construction","Eascairt Wind Farm","Wind Onshore",26,"Argyll and Bute","S12000035"
5129,"Awaiting Construction","Pencloe Wind Farm","Wind Onshore",62.7,"East Ayrshire","S12000008"
5172,"Application Submitted","Strath Tirry Wind Farm","Wind Onshore",22.8,"Highland","S12000017"
5174,"Application Submitted","Bankend Wind Farm (extension)","Wind Onshore",10.2,"South Lanarkshire","S12000029"
5181,"Application Submitted","Lowther Hills (North Lowther Energy Initiative)","Wind Onshore",147,"Dumfries and Galloway","S12000006"
5188,"Awaiting Construction","Costa Head Wind Farm","Wind Onshore",16.3,"Orkney Islands","S12000023"
5198,"Awaiting Construction","Hesta Head Wind Farm","Wind Onshore",20.4,"Orkney Islands","S12000023"
5227,"Awaiting Construction","Sanquhar 'Six' Community Wind Farm","Wind Onshore",19.8,"Dumfries and Galloway","S12000006"
5306,"Awaiting Construction","South Priorhill Farm","Wind Onshore",1.5,"South Lanarkshire","S12000029"
5352,"Under Construction","CalaChem Fine Chemicals (Grangemouth)","EfW Incineration",21.5,"Falkirk","S12000014"
5373,"Awaiting Construction","Lurg Hill Wind Farm","Wind Onshore",15,"Moray","S12000020"
5392,"Awaiting Construction","Sandy Knowe Wind Farm (resubmission)","Wind Onshore",49.4,"Dumfries and Galloway","S12000006"
5393,"Awaiting Construction","Douglas West and Dalquhandy Renewable Energy Project","Wind Onshore",49,"South Lanarkshire","S12000029"
5414,"Application Submitted","Bankend Rig II Wind Farm","Wind Onshore",10.2,"South Lanarkshire","S12000029"
5448,"Application Submitted","Forrestfield Wind Farm","Wind Onshore",13.2,"North Lanarkshire","S12000050"
5455,"Application Submitted","Cumberhead Wind Farm","Wind Onshore",48,"South Lanarkshire","S12000029"
5467,"Awaiting Construction","Killoch Depot","EfW Incineration",12,"East Ayrshire","S12000008"
5479,"Awaiting Construction","Hill of Blairfowl Solar Farm","Solar Photovoltaics",1.5,"Aberdeenshire","S12000034"
5569,"Awaiting Construction","Carey Solar Farm","Solar Photovoltaics",10,"Perth and Kinross","S12000048"
5594,"Awaiting Construction","Montreathmont Moor Forest","Solar Photovoltaics",42,"Angus","S12000041"
5615,"Under Construction","East Tullos","EfW Incineration",11.1,"Aberdeen City","S12000033"
5631,"Awaiting Construction","Carsebank Farm","Solar Photovoltaics",5,"Angus","S12000041"
5655,"Awaiting Construction","Field 730M West Of Queen Street","Solar Photovoltaics",5,"Angus","S12000041"
5784,"Awaiting Construction","Ballochmartin","Solar Photovoltaics",5,"North Ayrshire","S12000021"
5785,"Awaiting Construction","South of Greenwellheads","Solar Photovoltaics",5,"Aberdeenshire","S12000034"
5800,"Awaiting Construction","Land North of Balbeggie Avenue","Solar Photovoltaics",12,"Fife","S12000047"
5845,"Under Construction","Bruxiehall Farm","Solar Photovoltaics",2,"Aberdeenshire","S12000034"
5859,"Awaiting Construction","Mountwest Wind Cluster (resubmission)","Wind Onshore",2.4,"Aberdeenshire","S12000034"
5863,"Awaiting Construction","Forth of Firth (Methil)","Wind Offshore",29.9,"Offshore"," "
5876,"Awaiting Construction","Stoney Hill Farm","Wind Onshore",2,"South Lanarkshire","S12000029"
5902,"Awaiting Construction","Berryhill Farm Solar Array","Solar Photovoltaics",4.8,"North Lanarkshire","S12000050"
5903,"Awaiting Construction","Glenhead Farm Lower Solar Array","Solar Photovoltaics",4.1,"North Lanarkshire","S12000050"
5909,"Awaiting Construction","Glenhead Farm (Upper)","Solar Photovoltaics",5,"North Lanarkshire","S12000050"
5956,"Awaiting Construction","Brackenhills Farm (resubmission)","Wind Onshore",2.3,"Aberdeenshire","S12000034"
5960,"Awaiting Construction","Culterfield Windfarm (resubmission)","Wind Onshore",2.7,"Shetland Islands","S12000027"
5962,"Under Construction","Glen Noe River","Small Hydro",2,"Argyll and Bute","S12000035"
5963,"Awaiting Construction","Land between Lorg Hill, Ewe Hill and Brown Hill","Wind Onshore",32.4,"Dumfries and Galloway","S12000006"
5999,"Awaiting Construction","North Clyde Recycling Centre (resubmission)","Anaerobic Digestion",1.6,"West Dunbartonshire","S12000039"
6005,"Awaiting Construction","Limekiln Wind Farm (resubmission)","Wind Onshore",63,"Highland","S12000017"
6036,"Awaiting Construction","Lorg Windfarm","Wind Onshore",49.5,"East Ayrshire","S12000008"
6057,"Application Submitted","Glendye Estate","Wind Onshore",104,"Aberdeenshire","S12000034"
6082,"Awaiting Construction","Kenly Wind Farm (Resubmission)","Wind Onshore",12.3,"Fife","S12000047"
6099,"Awaiting Construction","Hopsrig Wind Farm","Wind Onshore",42,"Dumfries and Galloway","S12000006"
6113,"Awaiting Construction","Achnabreck","Advanced Conversion Technologies",5.5,"Argyll and Bute","S12000035"
6119,"Awaiting Construction","Bridge House, Muasdale, Tarbert, Strathclyde","Wind Onshore",47.6,"Argyll and Bute","S12000035"
6136,"Under Construction","Kincardine Offshore Windfarm","Wind Offshore",50,"Offshore"," "
6147,"Awaiting Construction","Pines Burn Wind Farm","Wind Onshore",36,"Scottish Borders","S12000026"
6158,"Awaiting Construction","Moray Firth 2 (West)","Wind Offshore",850,"Highland","S12000017"
6159,"Awaiting Construction","Navidale Estate","Wind Onshore",1,"Highland","S12000017"
6171,"Under Construction","Baldovie Industrial Estate (Forties Road)","EfW Incineration",0,"Dundee City","S12000042"
6175,"Awaiting Construction","Over Hill Wind Farm","Wind Onshore",33,"East Ayrshire","S12000008"
6177,"Application Submitted","Cairnmore Hill Wind Farm","Wind Onshore",33.6,"Highland","S12000017"
6178,"Awaiting Construction","Sandwick North St Community wind turbine","Wind Onshore",5,"Comhairle nan Eilean Siar","S12000013"
6207,"Awaiting Construction","Gilston Hill Wind Farm","Wind Onshore",21,"Scottish Borders","S12000026"
6208,"Awaiting Construction","Tormywheel Wind Farm Extension","Wind Onshore",5,"West Lothian","S12000040"
6214,"Awaiting Construction","Howpark Farm","Wind Onshore",20,"Scottish Borders","S12000026"
6215,"Awaiting Construction","Levenseat Waste Management Facility","Advanced Conversion Technologies",17,"West Lothian","S12000040"
6216,"Awaiting Construction","West Grange Solar Farm (Resubmission)","Solar Photovoltaics",5,"Fife","S12000047"
6259,"Application Submitted","Craigneil Hill","Wind Onshore",38,"Aberdeenshire","S12000034"
6264,"Under Construction","Dounreay Trì Floating Wind Demonstration","Wind Offshore",10,"Highland","S12000017"
6266,"Application Submitted","Golticlay Wind Farm","Wind Onshore",64.6,"Highland","S12000017"
6275,"Application Submitted","Rothes Wind Farm III","Wind Onshore",150,"Moray","S12000020"
6312,"Awaiting Construction","Hartwood Windfarm","Wind Onshore",21,"North Lanarkshire","S12000050"
6323,"Awaiting Construction","Beinn Thulabaigh Wind Turbine","Wind Onshore",5,"Comhairle nan Eilean Siar","S12000013"
6324,"Under Construction","Burnfoot East Wind Farm (further extension)","Wind Onshore",10.8,"Clackmannanshire","S12000005"
6327,"Awaiting Construction","Longhill Burn Wind Farm","Wind Onshore",45.6,"West Lothian","S12000040"
6341,"Awaiting Construction","Milltown Airfield (Speyslaw)","Solar Photovoltaics",50,"Moray","S12000020"
6363,"Awaiting Construction","Priestgill Wind Farm","Wind Onshore",22.4,"South Lanarkshire","S12000029"
6372,"Application Submitted","Clash Gour","Wind Onshore",256,"Moray","S12000020"
6373,"Application Submitted","Clashindarroch 2 (extension)","Wind Onshore",70,"Aberdeenshire","S12000034"
6377,"Awaiting Construction","Lochluichart Extension II","Wind Onshore",18,"Highland","S12000017"
6384,"Awaiting Construction","Mossy Hill","Wind Onshore",46.8,"Shetland Islands","S12000027"
6398,"Awaiting Construction","North Haddo","Wind Onshore",1.6,"Aberdeenshire","S12000034"
6405,"Application Submitted","Blarghour","Wind Onshore",60,"Argyll and Bute","S12000035"
6407,"Awaiting Construction","Pauls Hill 2","Wind Onshore",28,"Moray","S12000020"
6416,"Awaiting Construction","Speyslaw Solar Farm","Solar Photovoltaics",20,"Moray","S12000020"
6426,"Under Construction","Neart na Gaoithe (Resubmission)","Wind Offshore",450,"Offshore"," "
6432,"Awaiting Construction","Troston Loch","Wind Onshore",67.2,"Dumfries and Galloway","S12000006"
6444,"Awaiting Construction","Glenshimmeroch Wind Farm","Wind Onshore",36,"Dumfries and Galloway","S12000006"
6459,"Application Submitted","Faw Side Community Wind Farm","Wind Onshore",315,"Dumfries and Galloway","S12000006"
6464,"Awaiting Construction","Airigh Wind Farm","Wind Onshore",58.8,"Argyll and Bute","S12000035"
6518,"Application Submitted","Glenshero Wind Farm","Wind Onshore",168,"Highland","S12000017"
6522,"Awaiting Construction","Glasa Hydropower Cascade/Kildermorie Estate","Small Hydro",4,"Highland","S12000017"
6545,"Under Construction","Allt Garaidh Ghualaich Hydro Scheme Powerhouse","Small Hydro",1.1,"Highland","S12000017"
6585,"Awaiting Construction","Skelmonae Farm","Solar Photovoltaics",1,"Aberdeenshire","S12000034"
6590,"Awaiting Construction","Twentyshilling Hill Wind Farm (resubmission)","Wind Onshore",37.8,"Dumfries and Galloway","S12000006"
6594,"Awaiting Construction","Cordon Farm","Solar Photovoltaics",10,"Perth and Kinross","S12000048"
6600,"Application Submitted","Stranoch 2","Wind Onshore",84,"Dumfries and Galloway","S12000006"
6607,"Application Submitted","North Kyle Energy Project","Wind Onshore",226.8,"East Ayrshire","S12000008"
6629,"Application Submitted","Sanquhar 2 Community Wind Farm","Wind Onshore",308,"Dumfries and Galloway","S12000006"
6634,"Application Submitted","Kirkan Wind Farm","Wind Onshore",81.6,"Highland","S12000017"
6645,"Awaiting Construction","Druim Leathann (resubmission)","Wind Onshore",49.7,"Comhairle nan Eilean Siar","S12000013"
6649,"Awaiting Construction","Barr River, Loch Teacuis","Small Hydro",1.7,"Highland","S12000017"
6657,"Awaiting Construction","Allt Charnan","Small Hydro",1,"Highland","S12000017"
6665,"Application Submitted","Stornoway Wind Farm (second resubmission)","Wind Onshore",16,"Comhairle nan Eilean Siar","S12000013"
6673,"Application Submitted","Sandwick East Community Wind Farm","Wind Onshore",49.9,"Comhairle nan Eilean Siar","S12000013"
6675,"Awaiting Construction","Glen Etive Estate Phase I (Allt na Chaorainn)","Small Hydro",1.4,"Highland","S12000017"
6676,"Awaiting Construction","Glen Etive Estate Phase II (Allt Mheuran)","Small Hydro",0.9,"Highland","S12000017"
6687,"Under Construction","Glen Kinglass","Small Hydro",0.04,"Argyll and Bute","S12000035"
6703,"Awaiting Construction","Sandy Knowe Wind Farm (S.36 resubmission)","Wind Onshore",81.6,"Dumfries and Galloway","S12000006"
6708,"Application Submitted","Broken Cross (Former Surface Mine)","Wind Onshore",40,"South Lanarkshire","S12000029"
6724,"Awaiting Construction","Allt Easach Hydro","Small Hydro",2,"Argyll and Bute","S12000035"
6726,"Awaiting Construction","Dunfermline EDI4","Solar Photovoltaics",1.9,"Fife","S12000047"
6728,"Awaiting Construction","Lairg Wind Farm Extension (Lairg 2)","Wind Onshore",34.5,"Highland","S12000017"
6730,"Awaiting Construction","Blackwater Dam","Small Hydro",0.8,"Highland","S12000017"
6733,"Application Submitted","Cloiche Wind Farm","Wind Onshore",150,"Highland","S12000017"
6734,"Awaiting Construction","Tangy 4 Wind Farm","Wind Onshore",80,"Argyll and Bute","S12000035"
6736,"Under Construction","Bilbo Solar Farm","Solar Photovoltaics",36.6,"Aberdeenshire","S12000034"
6741,"Under Construction","Duror 2 Hydro Scheme","Small Hydro",0.4,"Highland","S12000017"
6746,"Awaiting Construction","Killail Farm","Small Hydro",0.2,"Argyll and Bute","S12000035"
6753,"Awaiting Construction","Oldhall Industrial Estate","EfW Incineration",15,"North Ayrshire","S12000021"
6757,"Awaiting Construction","Luichart Power Station","Small Hydro",2.6,"Highland","S12000017"
6779,"Awaiting Construction","Lochaber Hydro Development (Scheme 2)","Small Hydro",1.1,"Highland","S12000017"
6781,"Awaiting Construction","Lochaber Hydro Development (Scheme 3)","Small Hydro",2,"Highland","S12000017"
6793,"Awaiting Construction","Ben Sca","Wind Onshore",36,"Highland","S12000017"
6796,"Application Submitted","Greenburn Wind Park","Wind Onshore",67.2,"East Ayrshire","S12000008"
6797,"Application Submitted","Berry Burn Wind Farm (extension)","Wind Onshore",37.8,"Moray","S12000020"
6798,"Application Submitted","Arecleoch Wind Farm (extension)","Wind Onshore",73,"South Ayrshire","S12000028"
6807,"Awaiting Construction","Loch Doon Dam Compensation Set","Small Hydro",0.3,"East Ayrshire","S12000008"
6826,"Application Submitted","Douglas West Wind Farm (extension)","Wind Onshore",78,"South Lanarkshire","S12000029"
6827,"Awaiting Construction","Lethans Wind Farm (resubmission)","Wind Onshore",105.5,"East Ayrshire","S12000008"
6828,"Awaiting Construction","Viking Wind Farm (resubmission)","Wind Onshore",443,"Shetland Islands","S12000027"
6838,"Awaiting Construction","Gaineamhach Hydro Scheme Powerhouse (resubmission)","Small Hydro",2,"Highland","S12000017"
7204,"Application Submitted","Kennoxhead Wind Farm Extension","Wind Onshore",40,"South Lanarkshire","S12000029"
7206,"Application Submitted","Clauchrie Windfarm","Wind Onshore",100,"South Ayrshire","S12000028"
7222,"Under Construction","Easter Bush","Solar Photovoltaics",3,"Midlothian","S12000019"
7232,"Awaiting Construction","Glaxosmithkline Shewalton Road","Solar Photovoltaics",19.9,"North Ayrshire","S12000021"
7259,"Awaiting Construction","Iron Mountain Building","Solar Photovoltaics",0.3,"West Lothian","S12000040"
7261,"Application Submitted","Hare Craig Windfarm","Wind Onshore",36,"East Ayrshire","S12000008"
7266,"Awaiting Construction","North Hoo Fields","Wind Onshore",0.9,"Shetland Islands","S12000027"
7274,"Under Construction","Alness Academy","Solar Photovoltaics",0.5,"Highland","S12000017"
7282,"Awaiting Construction","Blackbarn Farm","Small Hydro",1,"North Ayrshire","S12000021"
7287,"Awaiting Construction","Perth Wastewater Treatment Works","Solar Photovoltaics",0.4,"Perth and Kinross","S12000048"
7304,"Awaiting Construction","Deuchries Windfarm (extension)","Wind Onshore",2,"Aberdeenshire","S12000034"
7305,"Awaiting Construction","Garvie Burn","Small Hydro",0.4,"Argyll and Bute","S12000035"
7313,"Under Construction","Craig Farm","Small Hydro",0.4,"Argyll and Bute","S12000035"
7318,"Under Construction","Allt Eilidh","Small Hydro",0.6,"Highland","S12000017"
7328,"Under Construction","Allt an t-Sidhein Hydro Scheme","Small Hydro",0.5,"Highland","S12000017"
7337,"Application Submitted","Sheirdrim Renewable Energy Development - Wind","Wind Onshore",114,"Argyll and Bute","S12000035"
7340,"Application Submitted","Kilgallioch Windfarm (Extension)","Wind Onshore",62,"Dumfries and Galloway","S12000006"
7345,"Awaiting Construction","High Constellation Wind Farm","Wind Onshore",65,"Argyll and Bute","S12000035"
7347,"Under Construction","Aviva Headquarters","Solar Photovoltaics",1.8,"Perth and Kinross","S12000048"
7370,"Awaiting Construction","Southrigg 2 (Resubmission)","Wind Onshore",4.2,"North Lanarkshire","S12000050"
7376,"Awaiting Construction","Shewalton Road","Wind Onshore",3,"North Ayrshire","S12000021"
7398,"Application Submitted","Fell Wind Farm","Wind Onshore",49,"Dumfries and Galloway","S12000006"
7422,"Awaiting Construction","Easter Drumclair Wood (Resubmission)","Wind Onshore",4,"Falkirk","S12000014"
7454,"Application Submitted","Scoop Hill Wind Farm","Wind Onshore",525,"Dumfries and Galloway","S12000006"
7456,"Awaiting Construction","Hagshaw Hill (Repowering)","Wind Onshore",84,"South Lanarkshire","S12000029"
7459,"Application Submitted","Creag Dhubh","Wind Onshore",27,"Argyll and Bute","S12000035"
7463,"Awaiting Construction","Shetland Tidal Array (extension)","Tidal Barrage and Tidal Stream",1.4,"Shetland Islands","S12000027"
7472,"Application Submitted","Narachan Wind Farm","Wind Onshore",95.2,"Argyll and Bute","S12000035"
7476,"Application Submitted","Strathrory Wind Farm","Wind Onshore",44.8,"Highland","S12000017"
7511,"Application Submitted","Rigghill Wind Farm","Wind Onshore",42,"North Ayrshire","S12000021"
7512,"Awaiting Construction","Glenfiddich Distillery AD (Extension)","Anaerobic Digestion",2,"Moray","S12000020"
7526,"Awaiting Construction","Iron Mountain Howe Moss Drive","Solar Photovoltaics",0.3,"Aberdeen City","S12000033"
7531,"Awaiting Construction","Eden Campus","Solar Photovoltaics",1,"Fife","S12000047"
7562,"Awaiting Construction","Windy Rig Wind Farm (resubmission)","Wind Onshore",48,"Dumfries and Galloway","S12000006"
7568,"Application Submitted","Billia Croo Wave Test Site (Extension)","Shoreline Wave",20,"Orkney Islands","S12000023"
7584,"Application Submitted","Sheirdrim Renewable Energy Development - Solar","Solar Photovoltaics",20,"Argyll and Bute","S12000035"
7601,"Awaiting Construction","Tesco Extra Dumfries","Solar Photovoltaics",0.8,"Dumfries and Galloway","S12000006"
7608,"Awaiting Construction","Tesco Superstore Annan","Solar Photovoltaics",0.2,"Dumfries and Galloway","S12000006"
7638,"Awaiting Construction","Lochhead Steading Concrete Block Manufacturing Plant","Solar Photovoltaics",0.6,"Angus","S12000041"
7654,"Application Submitted","Cornharrow Wind Farm (Resubmission)","Wind Onshore",38.4,"Dumfries and Galloway","S12000006"
7674,"Awaiting Construction","East Ballochy (Resubmission)","Solar Photovoltaics",39.9,"Angus","S12000041"
7679,"Application Submitted","Draffanmarshill Farm","Wind Onshore",4.2,"South Lanarkshire","S12000029"
7687,"Application Submitted","Moorshield Wind Farm","Wind Onshore",15,"East Renfrewshire","S12000011"
7708,"Application Submitted","Limekiln Wind Farm (Extension)","Wind Onshore",21,"Highland","S12000017"
7729,"Awaiting Construction","Inverness Royal Academy","Solar Photovoltaics",0.3,"Highland","S12000017"
7745,"Awaiting Construction","Howden Farm","Solar Photovoltaics",0.2,"East Lothian","S12000010"
7758,"Awaiting Construction","Hutchesons Grammar School","Solar Photovoltaics",0.2,"Glasgow City","S12000049"
7762,"Awaiting Construction","Netherton","Wind Onshore",0.9,"Aberdeenshire","S12000034"
7763,"Awaiting Construction","Claylands Road","Solar Photovoltaics",0.2,"City of Edinburgh","S12000036"
7785,"Awaiting Construction","Patrickston Farm","Solar Photovoltaics",15,"Stirling","S12000030"
7806,"Awaiting Construction","Banbeath Industrial Estate","Solar Photovoltaics",0.2,"Fife","S12000047"
7807,"Awaiting Construction","Binn Farm","EfW Incineration",7.3,"Perth and Kinross","S12000048"
7846,"Awaiting Construction","West Dykes","Wind Onshore",3,"South Lanarkshire","S12000029"
7851,"Application Submitted","Kilgallioch Windfarm (Extension - Solar)","Solar Photovoltaics",20,"Dumfries and Galloway","S12000006"
7891,"Application Submitted","Mochrum Fell Wind Farm","Wind Onshore",24,"Dumfries and Galloway","S12000006"
7915,"Awaiting Construction","Perth Wastewater Treatment Works (Extension)","Solar Photovoltaics",0.3,"Perth and Kinross","S12000048"
7943,"Awaiting Construction","City of Edinburgh Council Buildings","Solar Photovoltaics",0.2,"City of Edinburgh","S12000036"
7953,"Awaiting Construction","Isle of Luing Wind Farm","Wind Onshore",0.2,"Argyll and Bute","S12000035"
7957,"Awaiting Construction","Hammars Hill Wind Farm Extension","Wind Onshore",8.4,"Orkney Islands","S12000023"
7991,"Awaiting Construction","Brownhill Farm (Resubmission)","Wind Onshore",8.4,"North Lanarkshire","S12000050"
8046,"Awaiting Construction","Lower Rumster","Wind Onshore",0.2,"Highland","S12000017"
8057,"Application Submitted","Meall Buidhe Wind Farm","Wind Onshore",45,"Highland","S12000017"
8086,"Application Submitted","Thainstone Energy Park Project ERF","EfW Incineration",35,"Aberdeenshire","S12000034"
8134,"Awaiting Construction","Land near Tacher, Latheron","Wind Onshore",4.1,"Highland","S12000017"
8138,"Application Submitted","Skelmonae Wind Farm Extension","Wind Onshore",1.6,"Aberdeenshire","S12000034"
8164,"Application Submitted","Cumberhead West Wind Farm","Wind Onshore",132,"South Lanarkshire","S12000029"
8188,"Application Submitted","Gleneagles Hotel Biomass Boiler Plant Room","Biomass (dedicated)",1.4,"Perth and Kinross","S12000048"
8196,"Application Submitted","Forss Wind Farm","Wind Onshore",4.5,"Highland","S12000017"
8205,"Awaiting Construction","Cupar Wastewater Treatment Works Solar Farm","Solar Photovoltaics",0.62,"Fife","S12000047"
8233,"Awaiting Construction","Stracathro Hospital Solar","Solar Photovoltaics",0.25,"Angus","S12000041"
8247,"Application Submitted","Euchanhead Wind Farm","Wind Onshore",126,"Dumfries and Galloway","S12000006"
8263,"Application Submitted","Plascow Wind Turbine","Wind Onshore",NA,"Dumfries and Galloway","S12000006"
